Scrip Code,COMPANY,ISIN No.,Close Price
500002,ABB INDIA LIMITED,INE117A01022,6854.4
500488,ABBOTT INDIA LTD.,INE358A01014,26832.1
539254,Adani Energy Solutions Limited,INE931S01010,1325.5
512599,ADANI ENTERPRISES LTD.,INE423A01024,2824.3
541450,Adani Green Energy Limited,INE364U01010,1288
532921,ADANI PORTS AND SPECIAL ECONOM,INE742F01042,1737.95
533096,ADANI POWER LTD.,INE814H01029,196.95
542066,ADANI TOTAL GAS LIMITED,INE399L01023,583.15
540691,Aditya Birla Capital Ltd,INE674K01013,375.3
539523,Alkem Laboratories Limited,INE540L01014,5240
500425,AMBUJA CEMENTS LTD.,INE079A01024,363
533758,APL APOLLO TUBES LTD.,INE702C01027,2119.9
508869,APOLLO HOSPITALS ENTERPRISE LT,INE437A01024,8116
500477,ASHOK LEYLAND LTD.,INE208A01029,150.95
500820,ASIAN PAINTS LTD.,INE021A01026,2406.25
532830,ASTRAL LIMITED,INE006I01046,1339
540611,AU Small Finance Bank Limited,INE949L01017,990.6
524804,AUROBINDO PHARMA LTD.,INE406A01037,1675
540376,Avenue Supermarts Limited,INE192R01011,3809.7
532215,AXIS BANK LTD.,INE238A01034,1214
532977,BAJAJ AUTO LTD.,INE917I01010,10069.85
500034,BAJAJ FINANCE LIMITED,INE296A01032,949.35
532978,BAJAJ FINSERV LTD.,INE918I01026,1729.9
500490,BAJAJ HOLDINGS & INVESTMENT LT,INE118A01012,10537.75
544252,Bajaj Housing Finance Limited,INE377Y01014,82.93
502355,BALKRISHNA INDUSTRIES LTD.,INE787D01026,2081.8
532134,BANK OF BARODA,INE028A01039,231.75
532149,BANK OF INDIA,INE084A01016,129.2
509480,BERGER PAINTS INDIA LTD.,INE463A01038,452.3
500049,BHARAT ELECTRONICS LTD.,INE263A01024,383.5
500493,BHARAT FORGE LTD.,INE465A01025,1866.1
500103,BHARAT HEAVY ELECTRICALS LTD.,INE257A01026,422
500547,BHARAT PETROLEUM CORPORATION L,INE029A01011,301
532454,BHARTI AIRTEL LTD.,INE397D01024,1741
544162,Bharti Hexacom Limited,INE343G01021,1380
544603,Billionbrains Garage Ventures,INE0HOQ01053,180.2
532523,BIOCON LTD.,INE376G01013,370.9
500530,BOSCH LTD.,INE323A01026,45599.85
500825,BRITANNIA INDUSTRIES LTD.,INE216A01030,4794.85
532483,CANARA BANK,INE476A01022,118.5
500093,CG Power and Industrial Soluti,INE067A01029,876.75
511243,CHOLAMANDALAM INVESTMENT AND F,INE121A01024,1583
500087,CIPLA LTD.,INE059A01026,1346.85
533278,COAL INDIA LTD.,INE522F01014,421.5
532541,COFORGE LIMITED,INE591G01025,1825.2
500830,COLGATE-PALMOLIVE (INDIA) LTD.,INE259A01022,1735
506395,COROMANDEL INTERNATIONAL LTD.,INE169A01031,1764.8
500480,CUMMINS INDIA LTD.,INE298A01020,4859.65
500096,DABUR INDIA LTD.,INE016A01026,377
532488,DIVIS LABORATORIES LTD.,INE361B01024,9294.4
540699,Dixon Technologies (India) Lim,INE935N01020,12700
532868,DLF LTD.,INE271C01023,662.6
500124,DR.REDDYS LABORATORIES LTD.,INE089A01031,1200.1
505200,EICHER MOTORS LTD.,INE066A01021,6949.85
500495,Escorts Kubota Limited,INE042A01014,2665.1
543320,Eternal Limited,INE758T01015,313.5
500469,FEDERAL BANK LTD.,INE171A01029,316.55
532843,FORTIS HEALTHCARE LTD.,INE061F01013,785.9
543384,FSN E-Commerce Ventures Limite,INE388Y01029,323.2
532155,GAIL (INDIA) LTD.,INE129A01019,170.8
522275,GE Vernova T&D India Limited,INE200A01026,4270
540755,General Insurance Corporation,INE481Y01014,323.25
500660,GLAXOSMITHKLINE PHARMACEUTICAL,INE159A01016,2774.5
532754,GMR Airports Limited,INE776C01039,93.66
532424,GODREJ CONSUMER PRODUCTS LTD.,INE102D01028,843
533150,GODREJ PROPERTIES LTD,INE484J01027,1620
500300,GRASIM INDUSTRIES LTD.,INE047A01021,2971.85
517354,HAVELLS INDIA LTD.,INE176B01034,1040.6
532281,HCL TECHNOLOGIES LTD.,INE860A01027,1246
541729,HDFC Asset Management Company,INE127D01025,2314.25
500180,HDFC BANK LTD.,INE040A01034,719.35
540777,HDFC LIFE INSURANCE COMPANY LI,INE795G01014,532.65
500182,HERO MOTOCORP LTD.,INE158A01026,5173
500440,HINDALCO INDUSTRIES LTD.,INE038A01020,944.4
541154,Hindustan Aeronautics Limited,INE066F01020,4614.95
500104,HINDUSTAN PETROLEUM CORPORATIO,INE094A01015,346
500696,HINDUSTAN UNILEVER LTD.,INE030A01027,1841
500188,HINDUSTAN ZINC LTD.,INE267A01025,556.85
543187,HITACHI ENERGY INDIA LIMITED,INE07Y701011,31200
544274,HYUNDAI MOTOR INDIA LIMITED,INE0V6F01027,2025
532174,ICICI BANK LTD.,INE090A01021,1305.5
540716,ICICI Lombard General Insuranc,INE765G01017,1568.7
544658,ICICI Prudential Asset Managem,INE346A01027,3091.4
540133,ICICI Prudential Life Insuranc,INE726G01019,449.25
500116,IDBI BANK LTD.,INE008A01015,86.77
539437,IDFC FIRST BANK LIMITED,INE092T01019,80.32
532814,INDIAN BANK,INE562A01011,799.95
530965,INDIAN OIL CORPORATION LTD.,INE242A01010,132
532388,INDIAN OVERSEAS BANK,INE565A01014,30.37
542830,Indian Railway Catering and To,INE335Y01020,454
543257,Indian Railway Finance Corpora,INE053F01010,77.05
534816,INDUS TOWERS LIMITED,INE121J01017,376
532187,INDUSIND BANK LTD.,INE095A01012,880
532777,INFO EDGE (INDIA) LTD.,INE663F01032,1196.6
500209,INFOSYS LTD.,INE009A01021,1035
539448,InterGlobe Aviation Limited,INE646L01027,4921.2
500875,ITC LTD.,INE154A01025,257
532508,JINDAL STAINLESS LTD.,INE220G01021,732.4
532286,JINDAL STEEL LIMITED,INE749A01030,1099
543940,Jio Financial Services Limited,INE758E01017,212
533148,JSW ENERGY LTD,INE121E01018,485
543994,JSW Infrastructure Limited,INE880J01026,357.4
500228,JSW STEEL LTD.,INE019A01038,1230
543278,Kalyan Jewellers India Limited,INE303R01014,529.5
500247,KOTAK MAHINDRA BANK LTD.,INE237A01036,419.8
533519,L&T Finance Limited,INE498L01015,265
540115,L&T Technology Services Limite,INE010V01017,3266.2
500510,LARSEN & TOUBRO LTD.,INE018A01030,3685.5
544600,Lenskart Solutions Limited,INE956O01016,691.45
544576,LG Electronics India Limited,INE324D01010,1719.5
543526,LIFE INSURANCE CORPORATION OF,INE0J1Y01017,392.2
523457,Linde India Limited,INE473A01011,6238.85
512455,LLOYDS METALS AND ENERGY LTD.,INE281B01032,1778.1
543287,Lodha Developers Limited,INE670K01029,1104.75
540005,LTM LIMITED,INE214T01019,4017
500257,LUPIN LTD.,INE326A01037,2029
532720,MAHINDRA & MAHINDRA FINANCIAL,INE774D01024,320.1
500520,MAHINDRA & MAHINDRA LTD.,INE101A01026,2851.05
543904,Mankind Pharma Limited,INE634S01028,2527
531642,MARICO LTD.,INE196A01026,780.1
532500,MARUTI SUZUKI INDIA LTD.,INE585B01010,11400
500271,Max Financial Services Limited,INE180A01020,1386.4
543220,Max Healthcare Institute Limit,INE027H01010,944.85
543237,Mazagon Dock Shipbuilders Limi,INE249Z01020,2068.85
544632,Meesho Limited,INE0VDM01015,218.75
526299,MPHASIS LTD.,INE356A01018,2254.95
500290,MRF LTD.,INE883A01011,123045.4
533398,MUTHOOT FINANCE LTD.,INE414G01012,2700.7
500790,NESTLE INDIA LTD.,INE239A01024,1303.8
533098,NHPC LTD.,INE848E01016,71.94
526371,NMDC LTD.,INE584A01023,75
544289,NTPC GREEN ENERGY LIMITED,INE0ONG01011,91.11
532555,NTPC LTD.,INE733E01010,316.7
533273,OBEROI REALTY LTD.,INE093I01010,1775
500312,OIL AND NATURAL GAS CORPORATIO,INE213A01029,222.7
533106,OIL INDIA LTD.,INE274J01014,442.15
543396,One 97 Communications Limited,INE982J01020,1664.8
532466,ORACLE FINANCIAL SERVICES SOFT,INE881D01027,10420
523642,P.I.INDUSTRIES LTD.,INE603J01030,2245
532827,PAGE INDUSTRIES LTD.,INE761H01022,36600
500368,Patanjali Foods Limited,INE619A01035,356
543390,PB Fintech Limited,INE417T01026,983
533179,PERSISTENT SYSTEMS LTD.,INE262H01021,5356
532522,PETRONET LNG LTD.,INE347G01014,286.5
500331,PIDILITE INDUSTRIES LTD.,INE318A01026,1470
542652,Polycab India Limited,INE455K01017,7985
532810,POWER FINANCE CORPORATION LTD.,INE134E01011,318
532898,POWER GRID CORPORATION OF INDI,INE752E01010,254.65
533274,PRESTIGE ESTATES PROJECTS LTD.,INE811K01011,1494.1
532461,PUNJAB NATIONAL BANK,INE160A01022,109.9
542649,Rail Vikas Nigam Limited,INE415G01027,197
532955,REC LIMITED,INE020B01018,289.1
500325,RELIANCE INDUSTRIES LTD.,INE002A01018,1166
517334,Samvardhana Motherson Internat,INE775A01035,157.5
543066,SBI CARDS AND PAYMENT SERVICES,INE018E01016,567.9
540719,SBI Life Insurance Company Lim,INE123W01016,1726.25
505790,Schaeffler India Limited,INE513A01022,3886.15
500387,SHREE CEMENT LTD.,INE070A01015,21871.8
511218,Shriram Finance Limited,INE721A01047,942.8
544390,Siemens Energy India Limited,INE1NPP01017,3330
500550,SIEMENS LTD.,INE003A01024,3790
532725,SOLAR INDUSTRIES INDIA LTD.,INE343H01029,19355.2
503806,SRF LTD.,INE647A01010,2490
500112,STATE BANK OF INDIA,INE062A01020,954
500113,STEEL AUTHORITY OF INDIA LTD.,INE114A01011,174
524715,SUN PHARMACEUTICAL INDUSTRIES,INE044A01036,1810
509930,SUPREME INDUSTRIES LTD.,INE195A01028,3376.75
532667,SUZLON ENERGY LTD.,INE040H01021,38.96
544285,SWIGGY LIMITED,INE00H001014,238
544574,Tata Capital Limited,INE976I01016,319.45
500483,TATA COMMUNICATIONS LTD.,INE151A01013,1685.5
532540,TATA CONSULTANCY SERVICES LTD.,INE467B01029,2079.3
500800,TATA CONSUMER PRODUCTS LIMITED,INE192A01025,949
544569,Tata Motors Limited,INE1TAE01010,415.3
500570,TATA MOTORS PASSENGER VEHICLES,INE155A01022,280
500400,TATA POWER CO.LTD.,INE245A01021,350
500470,TATA STEEL LTD.,INE081A01020,179.1
532755,TECH MAHINDRA LTD.,INE669C01036,1539
500850,THE INDIAN HOTELS COMPANY LTD,INE053A01029,716.15
503100,THE PHOENIX MILLS LTD,INE211B01039,1927.85
500114,TITAN COMPANY LIMITED,INE280A01028,4535
500420,TORRENT PHARMACEUTICALS LTD.,INE685A01028,4761.95
532779,TORRENT POWER LTD.,INE813H01021,1242.55
500251,TRENT LTD.,INE849A01020,2597.4
540762,Tube Investments of India Ltd,INE974X01010,2338.6
532343,TVS MOTOR COMPANY LTD.,INE494B01023,4021.45
532538,ULTRATECH CEMENT LTD.,INE481G01011,10799
532477,UNION BANK OF INDIA,INE692A01016,168
532478,UNITED BREWERIES LTD.,INE686F01025,1188.2
532432,UNITED SPIRITS LTD.,INE854D01024,1338.2
532539,UNO Minda Limited,INE405E01023,1115
512070,UPL LIMITED,INE628A01036,522
540180,Varun Beverages Limited,INE200M01039,424.3
544307,Vishal Mega Mart Limited,INE01EA01019,99.6
532822,VODAFONE IDEA  LIMITED,INE669E01016,12.65
500575,VOLTAS LTD.,INE226A01021,1054
544277,Waaree Energies Limited,INE377N01017,2342.9
507685,WIPRO LTD.,INE075A01022,159.5
532648,YES BANK LTD.,INE528G01035,20.7
532321,Zydus Lifesciences Limited,INE010B01027,1145.25
